,Country,Region,Happiness Rank_2015,Happiness Score_2015,GDP Per Capita_2015,Family_2015,Health (Life Expectancy)_2015,Freedom_2015,Trust (Government Corruption)_2015,Generosity_2015,Dystopia Residual_2015,Happiness Rank_2016,Happiness Score_2016,GDP Per Capita_2016,Family_2016,Health (Life Expectancy)_2016,Freedom_2016,Trust (Government Corruption)_2016,Generosity_2016,Dystopia Residual_2016,Happiness Rank_2017,Happiness Score_2017,GDP Per Capita_2017,Family_2017,Health (Life Expectancy)_2017,Freedom_2017,Trust (Government Corruption)_2017,Generosity_2017,Dystopia Residual_2017,Happiness Rank_2018,Happiness Score_2018,GDP Per Capita_2018,Family_2018,Health (Life Expectancy)_2018,Freedom_2018,Trust (Government Corruption)_2018,Generosity_2018,Dystopia Residual_2018,Happiness Rank_2019,Happiness Score_2019,GDP Per Capita_2019,Family_2019,Health (Life Expectancy)_2019,Freedom_2019,Trust (Government Corruption)_2019,Generosity_2019,Dystopia Residual_2019
0,Switzerland,Western Europe,1,7.587000000000001,1.39651,1.34951,0.94143,0.66557,0.41978,0.29678,2.51738,2,7.508999999999999,1.52733,1.14524,0.86303,0.58557,0.41203,0.28083,2.69463,4,7.49399995803833,1.5649795532226598,1.51691174507141,0.858131289482117,0.620070576667786,0.367007285356522,0.2905492782592769,2.2767162322998,5,7.487,1.42,1.33722058169047,0.927,0.66,0.357,0.256,2.496242077433267,6,7.48,1.452,1.33722058169047,1.052,0.5720000000000001,0.3429999999999999,0.263,2.496242077433267
1,Iceland,Western Europe,2,7.561,1.30232,1.40223,0.94784,0.6287699999999999,0.14145,0.4363,2.70201,3,7.501,1.42666,1.18326,0.8673299999999999,0.56624,0.14975,0.47678,2.83137,3,7.50400018692017,1.480633020401,1.6105740070343,0.8335521221160892,0.6271626353263849,0.153526559472084,0.475540220737457,2.32271528244019,4,7.495,1.3430000000000002,1.3986880023447668,0.914,0.677,0.138,0.353,2.6186984274800635,4,7.494,1.38,1.3986880023447668,1.026,0.591,0.118,0.354,2.6186984274800635
2,Denmark,Western Europe,3,7.527,1.32548,1.36058,0.87464,0.6493800000000001,0.48357,0.34139,2.4920400000000003,1,7.526,1.4417799999999998,1.16374,0.79504,0.5794100000000001,0.44453,0.36171,2.73939,2,7.52199983596802,1.48238301277161,1.55112159252167,0.7925655245780941,0.626006722450256,0.4007700681686399,0.3552804887294771,2.31370735168457,3,7.555,1.351,1.3584805308405565,0.868,0.6829999999999999,0.408,0.284,2.515045783894857,2,7.6,1.383,1.3584805308405565,0.996,0.5920000000000001,0.41,0.252,2.515045783894857
3,Canada,North America,5,7.427,1.32629,1.32261,0.90563,0.63297,0.32957,0.45811,2.45176,6,7.404,1.44015,1.0961,0.8276,0.5737,0.31329,0.4483399999999999,2.70485,7,7.31599998474121,1.47920441627502,1.48134899139404,0.83455765247345,0.611100912094116,0.287371516227722,0.435539722442627,2.18726444244385,7,7.327999999999999,1.33,1.3000196637980135,0.8959999999999999,0.653,0.291,0.321,2.4479581474812835,9,7.278,1.365,1.3000196637980135,1.039,0.584,0.308,0.285,2.4479581474812835
4,Finland,Western Europe,6,7.406000000000001,1.29025,1.31826,0.8891100000000001,0.64169,0.41372,0.23351,2.61955,5,7.412999999999999,1.40598,1.13464,0.81091,0.57104,0.4100399999999999,0.25492,2.82596,5,7.468999862670901,1.44357192516327,1.5402467250824,0.80915766954422,0.6179508566856379,0.38261154294014,0.24548277258873,2.4301815032959,1,7.632000000000001,1.305,1.3310489083608,0.8740000000000001,0.6809999999999999,0.3929999999999999,0.2019999999999999,2.6252305010986334,1,7.769,1.34,1.3310489083608,0.986,0.596,0.3929999999999999,0.153,2.6252305010986334
5,Netherlands,Western Europe,7,7.377999999999999,1.32944,1.28017,0.89284,0.6157600000000001,0.31814,0.4761,2.4657,7,7.338999999999999,1.46468,1.02912,0.8123100000000001,0.55211,0.29927,0.47416,2.70749,6,7.3769998550415,1.50394463539124,1.42893922328949,0.8106961250305179,0.5853844881057739,0.282661825418472,0.470489829778671,2.29480409622192,6,7.441,1.361,1.2460764077631632,0.878,0.638,0.295,0.3329999999999999,2.4893313654073066,5,7.487999999999999,1.396,1.2460764077631632,0.999,0.557,0.298,0.322,2.4893313654073066
6,Sweden,Western Europe,8,7.364,1.33171,1.2890700000000002,0.91087,0.6598,0.4384399999999999,0.36262,2.3711900000000004,10,7.291,1.45181,1.08764,0.83121,0.58218,0.40867,0.38254,2.54734,9,7.28399991989136,1.49438726902008,1.47816216945648,0.830875158309937,0.612924098968506,0.384398728609085,0.3853992521762849,2.09753799438477,9,7.314,1.355,1.2849573898188267,0.913,0.659,0.3829999999999999,0.285,2.33868933146159,7,7.343,1.3869999999999998,1.2849573898188267,1.009,0.574,0.373,0.267,2.33868933146159
7,Australia,Australia and New Zealand,10,7.284,1.33358,1.30923,0.93156,0.6512399999999999,0.3563699999999999,0.43562,2.26646,9,7.313,1.44443,1.10476,0.8512,0.5683699999999999,0.32331,0.47407,2.5465,10,7.28399991989136,1.4844149351120002,1.5100419521331798,0.84388679265976,0.601607382297516,0.301183730363846,0.477699249982834,2.06521081924438,10,7.272,1.34,1.3080106507110598,0.91,0.647,0.302,0.361,2.292723606414793,11,7.228,1.372,1.3080106507110598,1.036,0.557,0.29,0.332,2.292723606414793
8,Israel,Middle East and Northern Africa,11,7.278,1.2285700000000002,1.22393,0.91387,0.4131899999999999,0.07785,0.3317199999999999,3.08854,11,7.267,1.33766,0.99537,0.8491700000000001,0.36432,0.08728,0.32288,3.31029,11,7.212999820709231,1.3753824234008798,1.37628996372223,0.83840399980545,0.4059886038303379,0.0852421000599861,0.330082654953003,2.80175733566284,19,6.814,1.301,1.19852998790741,0.883,0.5329999999999999,0.272,0.354,3.0668624452209468,13,7.138999999999999,1.276,1.19852998790741,1.029,0.371,0.0819999999999999,0.261,3.0668624452209468
9,Costa Rica,Latin America and Caribbean,12,7.226,0.95578,1.23788,0.8602700000000001,0.63376,0.10583,0.25497,3.17728,14,7.087000000000001,1.06879,1.02152,0.76146,0.55225,0.10547,0.22553,3.3516800000000004,12,7.0789999961853,1.10970628261566,1.4164036512374898,0.7595092654228209,0.580131649971008,0.100106589496136,0.214613229036331,2.89863920211792,13,7.072,1.01,1.22526788374583,0.8170000000000001,0.632,0.1009999999999999,0.143,3.1425330673726406,12,7.167000000000001,1.034,1.22526788374583,0.963,0.5579999999999999,0.093,0.144,3.1425330673726406
10,Austria,Western Europe,13,7.2,1.33723,1.29704,0.8904200000000001,0.62433,0.1867599999999999,0.33088,2.5332,12,7.119,1.45038,1.0838299999999998,0.80565,0.54355,0.21348,0.32865,2.69343,13,7.00600004196167,1.48709726333618,1.4599449634552,0.8153284192085269,0.567766189575195,0.221060365438461,0.316472321748734,2.1385064125061004,12,7.138999999999999,1.341,1.2802716544850667,0.8909999999999999,0.617,0.2239999999999999,0.242,2.455045470835367,10,7.246,1.376,1.2802716544850667,1.016,0.532,0.226,0.244,2.455045470835367
11,Mexico,Latin America and Caribbean,14,7.187,1.02054,0.91451,0.8144399999999999,0.48181,0.2131199999999999,0.14074,3.6021400000000003,21,6.778,1.1150799999999998,0.7146,0.71143,0.37709,0.18355,0.11735,3.55906,25,6.57800006866455,1.15318381786346,1.210862159729,0.709978997707367,0.412730008363724,0.132774114608765,0.1209904327988619,2.8371548652648904,24,6.488,1.038,0.9466573865763334,0.7609999999999999,0.479,0.095,0.069,3.332784955088297,23,6.595,1.07,0.9466573865763334,0.861,0.433,0.073,0.074,3.332784955088297
12,United States,North America,15,7.119,1.39451,1.24711,0.86179,0.54604,0.1589,0.40105,2.51011,13,7.104,1.50796,1.04782,0.779,0.48163,0.14868,0.4107699999999999,2.72782,14,6.993000030517581,1.54625928401947,1.4199205636978105,0.7742866277694699,0.505740523338318,0.135638788342476,0.392578780651093,2.2181134223938,18,6.886,1.398,1.2382835212326035,0.8190000000000001,0.547,0.133,0.291,2.4853478074646005,19,6.892,1.433,1.2382835212326035,0.8740000000000001,0.4539999999999999,0.128,0.28,2.4853478074646005
13,Brazil,Latin America and Caribbean,16,6.983,0.98124,1.23287,0.69702,0.49049,0.17521,0.14574,3.26001,17,6.952000000000001,1.08754,1.03938,0.61415,0.40425,0.1416599999999999,0.1577599999999999,3.5073300000000005,22,6.63500022888184,1.10735321044922,1.43130600452423,0.6165523529052729,0.437453746795654,0.111092761158943,0.1623498946428299,2.7692670822143595,28,6.419,0.986,1.2345186681747433,0.675,0.493,0.088,0.11,3.1788690274047866,32,6.3,1.004,1.2345186681747433,0.802,0.39,0.086,0.099,3.1788690274047866
14,Luxembourg,Western Europe,17,6.946000000000001,1.56391,1.21963,0.91894,0.61583,0.37798,0.28034,1.96961,20,6.871,1.69752,1.03999,0.8454200000000001,0.5487,0.35329,0.27571,2.11055,18,6.86299991607666,1.74194359779358,1.45758366584778,0.845089495182037,0.59662789106369,0.31883442401886,0.283180981874466,1.61951208114624,17,6.91,1.5759999999999998,1.2390678886159268,0.8959999999999999,0.632,0.321,0.196,1.8998906937154134,14,7.09,1.609,1.2390678886159268,1.012,0.526,0.316,0.1939999999999999,1.8998906937154134
15,Ireland,Western Europe,18,6.94,1.33596,1.36948,0.89533,0.6177699999999999,0.28703,0.45901,1.9757,19,6.907,1.48341,1.16157,0.81455,0.54008,0.29754,0.44963,2.15988,15,6.977000236511231,1.5357066392898602,1.55823111534119,0.8097826242446899,0.5731103420257571,0.29838815331459,0.42785832285881,1.77386903762817,14,6.977,1.4480000000000002,1.3630937051137302,0.8759999999999999,0.614,0.306,0.307,1.9698163458760567,16,7.021,1.499,1.3630937051137302,0.999,0.516,0.31,0.298,1.9698163458760567
16,Belgium,Western Europe,19,6.937,1.30782,1.28566,0.8966700000000001,0.5845,0.2254,0.2225,2.4148400000000003,18,6.928999999999999,1.42539,1.05249,0.8195899999999999,0.51354,0.26248,0.2424,2.61355,17,6.89099979400635,1.46378076076508,1.4623126983642598,0.8180918693542479,0.5397707223892211,0.251343131065369,0.2315033376216889,2.12421035766602,16,6.9270000000000005,1.324,1.2668208994547532,0.894,0.583,0.24,0.188,2.384200119222007,18,6.922999999999999,1.356,1.2668208994547532,0.986,0.473,0.21,0.16,2.384200119222007
17,United Arab Emirates,Middle East and Northern Africa,20,6.901,1.42727,1.12575,0.80925,0.64157,0.38583,0.26428,2.24743,28,6.573,1.57352,0.8711399999999999,0.72993,0.56215,0.35561,0.26591,2.21507,21,6.6479997634887695,1.6263433694839498,1.26641023159027,0.726798236370087,0.60834527015686,0.324489563703537,0.3609419465065,1.734703540802,20,6.774,2.096,1.0877667438634233,0.67,0.284,0.3119823909258842,0.186,2.065734513600667,21,6.825,1.503,1.0877667438634233,0.825,0.598,0.182,0.262,2.065734513600667
18,United Kingdom,Western Europe,21,6.867000000000001,1.26637,1.28548,0.90943,0.59625,0.3206699999999999,0.51912,1.96994,23,6.725,1.40283,1.08672,0.80991,0.50036,0.27399,0.50156,2.1499900000000003,19,6.71400022506714,1.44163393974304,1.4964600801467902,0.805335938930511,0.508190035820007,0.265428066253662,0.492774158716202,1.70414352416992,11,7.19,1.244,1.28955336004893,0.888,0.4639999999999999,0.0819999999999999,0.262,1.9413578413899735,15,7.053999999999999,1.3330000000000002,1.28955336004893,0.996,0.45,0.278,0.348,1.9413578413899735
19,Venezuela,Latin America and Caribbean,23,6.81,1.04424,1.25596,0.7205199999999999,0.42908,0.11069,0.05841,3.19131,44,6.084,1.1336700000000002,1.03302,0.6190399999999999,0.19847,0.08304,0.0425,2.97468,82,5.25,1.12843120098114,1.43133759498596,0.617144227027893,0.1539971232414249,0.0644911229610443,0.0650196298956871,1.78946375846863,102,4.806,0.996,1.2401058649953198,0.657,0.133,0.052,0.0559999999999999,2.6518179194895435,108,4.707,0.96,1.2401058649953198,0.805,0.154,0.047,0.064,2.6518179194895435
20,Singapore,Southeastern Asia,24,6.797999999999999,1.52186,1.02,1.02525,0.54252,0.4921,0.31105,1.88501,22,6.739,1.64555,0.8675799999999999,0.94719,0.4877,0.4698699999999999,0.32706,1.99375,26,6.57200002670288,1.69227766990662,1.35381436347961,0.9494923949241642,0.549840569496155,0.4643077850341799,0.345965981483459,1.21636199951172,34,6.343,1.529,1.0804647878265365,1.008,0.631,0.457,0.261,1.69837399983724,34,6.2620000000000005,1.5719999999999998,1.0804647878265365,1.141,0.556,0.4529999999999999,0.271,1.69837399983724
21,Panama,Latin America and Caribbean,25,6.7860000000000005,1.06353,1.1985,0.79661,0.5421,0.0927,0.24434,2.84848,25,6.7010000000000005,1.18306,0.98912,0.70835,0.48927,0.08423,0.2418,3.00559,30,6.4520001411438,1.23374843597412,1.3731925487518302,0.706156134605408,0.550026834011078,0.070983923971653,0.21055693924427,2.30719995498657,27,6.43,1.112,1.18693751625061,0.759,0.597,0.063,0.125,2.720423318328857,31,6.321000000000001,1.149,1.18693751625061,0.91,0.516,0.054,0.109,2.720423318328857
22,Chile,Latin America and Caribbean,27,6.67,1.10715,1.12447,0.85857,0.44132,0.12869,0.33363,2.67585,24,6.705,1.2167,0.90587,0.8188300000000001,0.37789,0.1145099999999999,0.31595,2.95505,20,6.65199995040894,1.25278460979462,1.28402495384216,0.8194797039031979,0.376895278692245,0.0822879821062088,0.3266624212265011,2.50958585739136,25,6.476,1.131,1.1047883179473865,0.8079999999999999,0.431,0.061,0.1969999999999999,2.7134952857971206,26,6.444,1.159,1.1047883179473865,0.92,0.357,0.0559999999999999,0.187,2.7134952857971206
23,Qatar,Middle East and Northern Africa,28,6.611000000000001,1.69042,1.0786,0.79733,0.6404,0.52208,0.32573,1.55674,36,6.375,1.82427,0.87964,0.71723,0.56679,0.48049,0.32388,1.58224,35,6.375,1.87076568603516,1.27429687976837,0.7100980877876278,0.604130983352661,0.439299255609512,0.330473870038986,1.1454644203186002,32,6.374,1.649,1.0775122932561232,0.748,0.654,0.171,0.256,1.4281481401062,29,6.374,1.6840000000000002,1.0775122932561232,0.871,0.555,0.1669999999999999,0.22,1.4281481401062
24,France,Western Europe,29,6.575,1.27778,1.2603799999999998,0.94579,0.55011,0.20646,0.12332,2.21126,32,6.478,1.39488,1.00508,0.83795,0.46562,0.17808,0.1216,2.4744,31,6.44199991226196,1.43092346191406,1.38777685165405,0.8444658517837521,0.470222115516663,0.172502428293228,0.129762306809425,2.00595474243164,23,6.489,1.293,1.2177456172180168,0.908,0.52,0.176,0.098,2.2305382474772135,24,6.5920000000000005,1.324,1.2177456172180168,1.045,0.436,0.183,0.111,2.2305382474772135
25,Argentina,Latin America and Caribbean,30,6.574,1.05351,1.24823,0.78723,0.44974,0.08484,0.1145099999999999,2.8360000000000003,26,6.65,1.15137,1.0661200000000002,0.69711,0.4228399999999999,0.07296,0.10989,3.12985,24,6.59899997711182,1.18529546260834,1.44045114517212,0.695137083530426,0.494519203901291,0.0597398877143859,0.109457060694695,2.61400532722473,29,6.388,1.073,1.25160038172404,0.7440000000000001,0.57,0.054,0.062,2.8599517757415764,47,6.086,1.092,1.25160038172404,0.8809999999999999,0.471,0.05,0.066,2.8599517757415764
26,Czech Republic,Central and Eastern Europe,31,6.505,1.17898,1.20643,0.84483,0.4636399999999999,0.02652,0.10686,2.67782,27,6.596,1.30915,1.00793,0.76376,0.41418,0.03986,0.09929,2.96211,23,6.60900020599365,1.35268235206604,1.43388521671295,0.754444003105164,0.4909461736679079,0.0368729270994663,0.0881067588925362,2.45186185836792,21,6.711,1.233,1.2160817389043166,0.8540000000000001,0.5429999999999999,0.034,0.064,2.6972639527893065,20,6.852,1.269,1.2160817389043166,0.92,0.457,0.036,0.046,2.6972639527893065
27,Uruguay,Latin America and Caribbean,32,6.485,1.06166,1.2089,0.8116,0.6036199999999999,0.24558,0.2324,2.3214200000000003,29,6.545,1.18157,1.0314299999999998,0.72183,0.54388,0.21394,0.18056,2.67139,28,6.4539999961853,1.21755969524384,1.41222786903381,0.719216823577881,0.5793922543525699,0.178061872720718,0.175096929073334,2.17240953445435,31,6.379,1.093,1.2175192896779368,0.7709999999999999,0.625,0.155,0.13,2.3884065114847837,33,6.292999999999999,1.124,1.2175192896779368,0.8909999999999999,0.523,0.15,0.127,2.3884065114847837
28,Colombia,Latin America and Caribbean,33,6.477,0.91861,1.2401799999999998,0.69077,0.53466,0.0512,0.1840099999999999,2.85737,31,6.481,1.03032,1.02169,0.59659,0.44735,0.0539899999999999,0.1562599999999999,3.17471,36,6.35699987411499,1.07062232494354,1.4021829366683998,0.595027923583984,0.4774874150753019,0.0466687418520451,0.1490144729614259,2.6160681247711204,37,6.26,0.96,1.2213509788894665,0.635,0.531,0.039,0.099,2.8827160415903736,43,6.125,0.985,1.2213509788894665,0.841,0.47,0.034,0.099,2.8827160415903736
29,Thailand,Southeastern Asia,34,6.455,0.9669,1.26504,0.7385,0.5566399999999999,0.0318699999999999,0.5763,2.31945,33,6.474,1.0893,1.04477,0.64915,0.49553,0.02833,0.58696,2.5796,32,6.423999786376951,1.12786877155304,1.4257924556732198,0.647239029407501,0.580200731754303,0.0316127352416515,0.572123110294342,2.03950834274292,46,6.072,1.016,1.2452008185577397,0.7070000000000001,0.637,0.0289999999999999,0.364,2.3128527809143065,52,6.007999999999999,1.05,1.2452008185577397,0.828,0.557,0.0279999999999999,0.359,2.3128527809143065
30,Saudi Arabia,Middle East and Northern Africa,35,6.4110000000000005,1.39541,1.0839299999999998,0.72025,0.31048,0.32524,0.13706,2.43872,34,6.379,1.48953,0.84829,0.59267,0.37904,0.30008,0.15457,2.61482,37,6.343999862670901,1.53062355518341,1.28667759895325,0.590148329734802,0.449750572443008,0.27343225479126,0.147616013884544,2.0654296875,33,6.371,1.379,1.07296586631775,0.633,0.509,0.127,0.098,2.3729898958333333,28,6.375,1.403,1.07296586631775,0.795,0.439,0.132,0.08,2.3729898958333333
31,Spain,Western Europe,36,6.329,1.23011,1.31379,0.95562,0.45951,0.06398,0.18227,2.12367,37,6.361000000000001,1.34253,1.12945,0.8789600000000001,0.37545,0.06137,0.17665,2.39663,34,6.40299987792969,1.38439786434174,1.53209090232849,0.888960599899292,0.408781230449677,0.0709140971302986,0.190133571624756,1.92775774002075,36,6.31,1.251,1.3251103007761635,0.965,0.449,0.074,0.142,2.149352580006917,30,6.354,1.286,1.3251103007761635,1.062,0.362,0.079,0.153,2.149352580006917
32,Malta,Western Europe,37,6.3020000000000005,1.2074,1.30203,0.88721,0.60365,0.1358599999999999,0.51752,1.6488,30,6.488,1.30782,1.09879,0.80315,0.54994,0.17554,0.56237,1.99032,27,6.52699995040894,1.34327983856201,1.48841166496277,0.821944236755371,0.588767051696777,0.153066068887711,0.5747305750846861,1.55686283111572,22,6.627000000000001,1.27,1.29641055498759,0.884,0.645,0.142,0.376,1.7319942770385734,22,6.726,1.3,1.29641055498759,0.999,0.564,0.151,0.375,1.7319942770385734
33,Kuwait,Middle East and Northern Africa,39,6.295,1.5542200000000002,1.16594,0.72492,0.55499,0.25609,0.16228,1.87634,41,6.239,1.61714,0.8775799999999999,0.63569,0.43166,0.23669,0.15965,2.28085,39,6.10500001907349,1.63295245170593,1.25969874858856,0.6321057081222529,0.4963375926017759,0.215159550309181,0.228289797902107,1.64042520523071,45,6.082999999999999,1.474,1.1010729161961867,0.675,0.5539999999999999,0.106,0.1669999999999999,1.93253840174357,51,6.021,1.5,1.1010729161961867,0.8079999999999999,0.493,0.0969999999999999,0.142,1.93253840174357
34,El Salvador,Latin America and Caribbean,42,6.13,0.76454,1.02507,0.67737,0.4035,0.1177599999999999,0.10692,3.035,46,6.068,0.8737,0.80975,0.596,0.37269,0.10613,0.08877,3.22134,45,6.002999782562259,0.909784495830536,1.1821250915527302,0.596018552780151,0.432452529668808,0.0899809598922729,0.0782579854130745,2.7145938873291,40,6.167000000000001,0.8059999999999999,1.00564836385091,0.639,0.461,0.0819999999999999,0.065,2.9903112957763667,35,6.252999999999999,0.794,1.00564836385091,0.789,0.43,0.074,0.093,2.9903112957763667
35,Slovakia,Central and Eastern Europe,45,5.995,1.16891,1.26999,0.7890199999999999,0.31751,0.03431,0.16893,2.2463900000000003,45,6.077999999999999,1.27973,1.08268,0.70367,0.2339099999999999,0.02947,0.13837,2.61065,40,6.09800004959106,1.32539355754852,1.5050592422485398,0.712732911109924,0.295817464590073,0.0242108516395092,0.136544480919838,2.09777665138245,39,6.172999999999999,1.21,1.2859097474161798,0.7759999999999999,0.354,0.0139999999999999,0.118,2.3182722171274834,38,6.198,1.246,1.2859097474161798,0.8809999999999999,0.3339999999999999,0.0139999999999999,0.121,2.3182722171274834
36,Japan,Eastern Asia,46,5.987,1.27074,1.25712,0.99111,0.49615,0.1806,0.10705,1.68435,53,5.921,1.38007,1.06054,0.91491,0.46761,0.18985,0.10224,1.80584,51,5.92000007629395,1.41691517829895,1.43633782863617,0.9134758710861208,0.505625545978546,0.163760736584663,0.1205727681517599,1.36322355270386,54,5.915,1.294,1.25133260954539,0.988,0.5529999999999999,0.15,0.079,1.6178045175679534,58,5.886,1.327,1.25133260954539,1.088,0.445,0.14,0.069,1.6178045175679534
37,South Korea,Eastern Asia,47,5.984,1.24461,0.95774,0.96538,0.33208,0.07857,0.18557,2.21978,57,5.835,1.35948,0.7219399999999999,0.88645,0.25168,0.07716,0.18824,2.35015,55,5.837999820709231,1.40167844295502,1.1282744407653795,0.900214076042175,0.257921665906906,0.0632826685905457,0.206674367189407,1.8803780078887904,57,5.875,1.266,0.9359848135884598,0.955,0.244,0.051,0.175,2.1501026692962637,54,5.895,1.301,0.9359848135884598,1.036,0.159,0.0559999999999999,0.175,2.1501026692962637
38,Ecuador,Latin America and Caribbean,48,5.975,0.8640200000000001,0.99903,0.79075,0.4857399999999999,0.1809,0.1154099999999999,2.53942,51,5.976,0.97306,0.85974,0.68613,0.4027,0.18037,0.10074,2.77366,44,6.00799989700317,1.00082039833069,1.28616881370544,0.685636222362518,0.4551981985569,0.140134647488594,0.150112465023994,2.29035258293152,48,5.973,0.889,1.0483129379018132,0.736,0.556,0.12,0.114,2.53447752764384,50,6.028,0.912,1.0483129379018132,0.868,0.498,0.087,0.126,2.53447752764384
39,Bahrain,Middle East and Northern Africa,49,5.96,1.32376,1.21624,0.74716,0.45492,0.306,0.17362,1.73797,42,6.218,1.44024,0.94397,0.65696,0.47375,0.25772,0.17147,2.27405,41,6.08699989318848,1.48841226100922,1.3231104612350502,0.653133034706116,0.536746919155121,0.257042169570923,0.1726684868335719,1.65614938735962,43,6.105,1.338,1.1611068204116834,0.698,0.594,0.123,0.243,1.88938979578654,37,6.199,1.362,1.1611068204116834,0.871,0.536,0.11,0.255,1.88938979578654
40,Italy,Western Europe,50,5.948,1.25114,1.19777,0.95446,0.26236,0.02901,0.22823,2.02518,50,5.977,1.35495,1.04167,0.8510200000000001,0.18827,0.02556,0.16684,2.34918,48,5.96400022506714,1.39506661891937,1.44492328166962,0.8531443476676941,0.256450712680817,0.0280280914157629,0.1727896481752399,1.81331205368042,47,6.0,1.264,1.2281210938898734,0.946,0.281,0.0279999999999999,0.1369999999999999,2.0625573512268067,36,6.223,1.294,1.2281210938898734,1.039,0.231,0.03,0.158,2.0625573512268067
41,Bolivia,Latin America and Caribbean,51,5.89,0.68133,0.97841,0.5392,0.57414,0.088,0.20536,2.82334,59,5.822,0.79422,0.8377899999999999,0.4697,0.50961,0.07746,0.21698,2.91635,58,5.82299995422363,0.833756566047668,1.22761905193329,0.473630249500275,0.5587329268455511,0.0604777261614799,0.22556072473526,2.44327902793884,62,5.752000000000001,0.7509999999999999,1.0146063506444298,0.508,0.606,0.054,0.141,2.7276563426462794,61,5.779,0.7759999999999999,1.0146063506444298,0.706,0.511,0.064,0.1369999999999999,2.7276563426462794
42,Moldova,Central and Eastern Europe,52,5.888999999999999,0.59448,1.01528,0.61826,0.32818,0.01615,0.20951,3.10712,55,5.897,0.69177,0.8313200000000001,0.5230899999999999,0.2520199999999999,0.01903,0.19997,3.38007,56,5.837999820709231,0.7288706302642819,1.25182557106018,0.5894652009010309,0.2407290488481519,0.0100912861526012,0.208779126405716,2.80780839920044,67,5.64,0.657,1.0328085236867268,0.62,0.2319999999999999,0.0,0.171,3.09833279973348,71,5.529,0.685,1.0328085236867268,0.7390000000000001,0.245,0.0,0.181,3.09833279973348
43,Paraguay,Latin America and Caribbean,53,5.877999999999999,0.75985,1.30477,0.66098,0.53899,0.08242,0.3424,2.18896,70,5.537999999999999,0.8937299999999999,1.11111,0.58295,0.46235,0.07396,0.25296,2.16091,70,5.493000030517581,0.932537317276001,1.50728487968445,0.579250693321228,0.473507791757584,0.091065913438797,0.224150657653809,1.6853334903717,64,5.681,0.835,1.3077216265614833,0.615,0.541,0.074,0.162,2.0117344967905666,63,5.742999999999999,0.855,1.3077216265614833,0.777,0.514,0.08,0.184,2.0117344967905666
44,Kazakhstan,Central and Eastern Europe,54,5.855,1.12254,1.12241,0.64368,0.51649,0.08454,0.11827,2.24729,54,5.919,1.22943,0.95544,0.57386,0.4052,0.11132,0.15011,2.49325,60,5.8189997673034695,1.2845562696456898,1.38436901569366,0.6060415506362921,0.437454283237457,0.119282886385918,0.2019644230604169,1.78489255905151,60,5.79,1.143,1.15407300523122,0.631,0.4539999999999999,0.121,0.148,2.1751441863505034,60,5.809,1.173,1.15407300523122,0.7290000000000001,0.41,0.096,0.146,2.1751441863505034
45,Slovenia,Central and Eastern Europe,55,5.848,1.18498,1.27385,0.8733700000000001,0.60855,0.03787,0.25328,1.61583,63,5.768,1.29947,1.05613,0.79151,0.53164,0.03635,0.25738,1.79522,62,5.75799989700317,1.3412059545517,1.4525188207626298,0.7908282279968258,0.572575807571411,0.0451289787888527,0.242649093270302,1.31331729888916,51,5.948,1.219,1.26083294025421,0.856,0.633,0.051,0.16,1.5747890996297202,44,6.117999999999999,1.258,1.26083294025421,0.953,0.564,0.057,0.144,1.5747890996297202
46,Nicaragua,Latin America and Caribbean,57,5.827999999999999,0.59325,1.14184,0.7431399999999999,0.55475,0.19317,0.27815,2.32407,48,5.992000000000001,0.69384,0.8952100000000001,0.65213,0.4658199999999999,0.16292,0.29773,2.82428,43,6.07100009918213,0.737299203872681,1.28721570968628,0.6530959606170649,0.447551846504211,0.130687981843948,0.301674216985703,2.51393055915833,41,6.141,0.6679999999999999,1.1080885698954266,0.7,0.527,0.128,0.208,2.554093519719443,45,6.105,0.6940000000000001,1.1080885698954266,0.835,0.435,0.127,0.2,2.554093519719443
47,Peru,Latin America and Caribbean,58,5.824,0.9001899999999999,0.97459,0.73017,0.41496,0.05989,0.14982,2.5945,64,5.742999999999999,0.99602,0.81255,0.6299399999999999,0.3750199999999999,0.05292,0.14527,2.73117,63,5.71500015258789,1.03522527217865,1.21877038478851,0.6301661133766171,0.4500028789043429,0.0470490865409374,0.126819714903831,2.20726943016052,65,5.662999999999999,0.934,1.0019701282628366,0.674,0.53,0.034,0.092,2.510979810053507,65,5.697,0.96,1.0019701282628366,0.8540000000000001,0.455,0.027,0.083,2.510979810053507
48,Belarus,Central and Eastern Europe,59,5.813,1.0319200000000002,1.23289,0.7360800000000001,0.37938,0.1909,0.1104599999999999,2.1309,61,5.8020000000000005,1.1306200000000002,1.04993,0.6310399999999999,0.29091,0.17457,0.13942,2.3858200000000003,67,5.5689997673034695,1.15655755996704,1.4449452161788898,0.6377142667770389,0.295400261878967,0.156313821673393,0.15513750910759,1.72323298454285,73,5.483,1.039,1.2425884053929632,0.7,0.307,0.154,0.1009999999999999,2.07998432818095,81,5.323,1.067,1.2425884053929632,0.789,0.235,0.142,0.094,2.07998432818095
49,Poland,Central and Eastern Europe,60,5.791,1.12555,1.27948,0.77903,0.53122,0.04212,0.16759,1.86565,57,5.835,1.24585,1.04685,0.69058,0.4519,0.055,0.14443,2.20035,46,5.97300004959106,1.29178786277771,1.44571197032928,0.699475347995758,0.520342111587524,0.0593078061938286,0.158465966582298,1.7977228164672898,42,6.122999999999999,1.176,1.2573473234430932,0.7809999999999999,0.546,0.064,0.108,1.954574272155763,40,6.182,1.206,1.2573473234430932,0.884,0.483,0.05,0.1169999999999999,1.954574272155763
50,Croatia,Central and Eastern Europe,62,5.759,1.08254,0.79624,0.78805,0.25883,0.0243,0.0544399999999999,2.75414,74,5.488,1.18649,0.6080899999999999,0.70524,0.2390699999999999,0.04002,0.18434,2.52462,77,5.2930002212524405,1.22255623340607,0.96798300743103,0.701288521289825,0.255772292613983,0.0431031100451946,0.248002976179123,1.85449242591858,82,5.321000000000001,1.115,0.79077100247701,0.737,0.38,0.039,0.12,2.3777508086395267,75,5.432,1.155,0.79077100247701,0.914,0.296,0.022,0.119,2.3777508086395267
51,Libya,Middle East and Northern Africa,63,5.754,1.13145,1.1186200000000002,0.7038,0.41668,0.11023,0.18295,2.09066,67,5.615,1.0668799999999998,0.95076,0.52304,0.4067199999999999,0.10339,0.17087,2.39374,68,5.525000095367429,1.10180306434631,1.35756433010101,0.520169019699097,0.465733230113983,0.0926102101802826,0.1520736664533619,1.8350112438201895,70,5.566,0.985,1.1423147767003368,0.5529999999999999,0.496,0.148,0.1159999999999999,2.10647041460673,72,5.525,1.044,1.1423147767003368,0.6729999999999999,0.416,0.152,0.133,2.10647041460673
52,Russia,Central and Eastern Europe,64,5.716,1.13764,1.23617,0.6692600000000001,0.36679,0.03005,0.00199,2.27394,56,5.856,1.2322799999999998,1.05261,0.58991,0.32682,0.03586,0.02736,2.59115,49,5.962999820709231,1.28177809715271,1.46928238868713,0.547349333763123,0.373783111572266,0.0329628810286522,0.0522638224065304,2.20560741424561,59,5.81,1.151,1.25268746289571,0.599,0.3989999999999999,0.025,0.065,2.3568991380818702,68,5.648,1.183,1.25268746289571,0.726,0.3339999999999999,0.031,0.0819999999999999,2.3568991380818702
53,Algeria,Middle East and Northern Africa,68,5.605,0.93929,1.07772,0.61766,0.28579,0.1738299999999999,0.07822,2.43209,38,6.355,1.05266,0.83309,0.6180399999999999,0.21006,0.16157,0.07044,3.40904,53,5.872000217437741,1.09186446666718,1.1462174654007,0.6175846457481379,0.233335807919502,0.146096110343933,0.0694366469979286,2.5676038265228303,84,5.295,0.979,1.0190091551335667,0.687,0.077,0.135,0.055,2.80291127550761,88,5.211,1.002,1.0190091551335667,0.785,0.086,0.114,0.073,2.80291127550761
54,Kosovo,Central and Eastern Europe,69,5.589,0.80148,0.81198,0.63132,0.24749,0.04741,0.2831,2.76579,77,5.401,0.90145,0.66062,0.54,0.14396,0.06547,0.27992,2.80998,78,5.27899980545044,0.951484382152557,1.13785350322723,0.541452050209045,0.260287940502167,0.0574716180562973,0.319931447505951,2.01054072380066,66,5.662000000000001,0.855,0.87015116774241,0.578,0.4479999999999999,0.023,0.2739999999999999,2.5287702412668867,46,6.1,0.882,0.87015116774241,0.758,0.489,0.006,0.262,2.5287702412668867
55,Turkmenistan,Central and Eastern Europe,70,5.547999999999999,0.95847,1.22668,0.53886,0.4761,0.30844,0.16979,1.86984,65,5.658,1.08017,1.03817,0.44006,0.37408,0.28467,0.2256699999999999,2.21489,59,5.82200002670288,1.1307767629623402,1.49314916133881,0.437726080417633,0.41827192902565,0.2592703402042389,0.2499249875545499,1.83290982246399,68,5.636,1.016,1.2526663871129367,0.517,0.417,0.037,0.1989999999999999,1.972546607487997,87,5.247000000000001,1.052,1.2526663871129367,0.657,0.3939999999999999,0.0279999999999999,0.244,1.972546607487997
56,Estonia,Central and Eastern Europe,73,5.428999999999999,1.15174,1.22791,0.77361,0.44888,0.15184,0.0868,1.58782,72,5.517,1.27964,1.0516299999999998,0.68098,0.41511,0.18519,0.08423,1.81985,66,5.61100006103516,1.3208793401718102,1.47667109966278,0.695168316364288,0.479131430387497,0.183248922228813,0.0988908112049103,1.35750865936279,63,5.739,1.2,1.2520703665542599,0.737,0.5529999999999999,0.174,0.086,1.5883928864542634,55,5.893,1.237,1.2520703665542599,0.8740000000000001,0.495,0.161,0.103,1.5883928864542634
57,Indonesia,Southeastern Asia,74,5.399,0.8282700000000001,1.0870799999999998,0.63793,0.46611,0.0,0.51535,1.86399,79,5.314,0.95104,0.87625,0.4937399999999999,0.39237,0.00322,0.56521,2.03171,81,5.26200008392334,0.995538592338562,1.27444469928741,0.492345720529556,0.443323463201523,0.0153171354904771,0.611704587936401,1.42947697639465,96,5.093,0.899,1.0792582330958034,0.522,0.5379999999999999,0.018,0.484,1.7750589921315498,92,5.192,0.931,1.0792582330958034,0.66,0.491,0.0279999999999999,0.498,1.7750589921315498
58,Vietnam,Southeastern Asia,75,5.36,0.63216,0.91226,0.7467600000000001,0.59444,0.1044099999999999,0.1686,2.20173,96,5.061,0.74037,0.7911699999999999,0.66157,0.5595399999999999,0.11556,0.25075,1.9418,94,5.07399988174438,0.7885475754737851,1.27749133110046,0.6521689891815191,0.571055591106415,0.0876332372426987,0.2349680513143539,1.46231865882874,95,5.103,0.715,0.9936404437001535,0.7020000000000001,0.618,0.079,0.177,1.86861621960958,94,5.175,0.741,0.9936404437001535,0.851,0.5429999999999999,0.073,0.147,1.86861621960958
59,Turkey,Middle East and Northern Africa,76,5.332000000000001,1.06098,0.94632,0.73172,0.22815,0.15746,0.12253,2.08528,78,5.388999999999999,1.1649200000000002,0.8771700000000001,0.64718,0.23889,0.1234799999999999,0.04707,2.29074,69,5.5,1.1982743740081798,1.33775317668915,0.6376056075096129,0.300740599632263,0.0996715798974037,0.0466930419206619,1.87927794456482,74,5.483,1.148,1.05374772556305,0.6859999999999999,0.324,0.109,0.106,2.0850993148549404,79,5.372999999999999,1.183,1.05374772556305,0.8079999999999999,0.195,0.106,0.083,2.0850993148549404
60,Kyrgyzstan,Central and Eastern Europe,77,5.2860000000000005,0.47428,1.15115,0.65088,0.43477,0.0423199999999999,0.3003,2.2327,85,5.185,0.5604399999999999,0.95434,0.5544899999999999,0.40212,0.0476199999999999,0.38432,2.28136,98,5.0040001869201705,0.5962200760841371,1.39423859119415,0.553457796573639,0.454943388700485,0.0394391790032387,0.42858037352562,1.53672313690186,92,5.131,0.53,1.1665761970647166,0.594,0.54,0.035,0.281,2.0169277123006197,86,5.261,0.551,1.1665761970647166,0.723,0.508,0.023,0.3,2.0169277123006197
61,Bhutan,Southern Asia,79,5.252999999999999,0.77042,1.10395,0.57407,0.5320600000000001,0.15445,0.47998,1.63794,84,5.196000000000001,0.8527,0.90836,0.49759,0.46074,0.1616,0.48546,1.82916,97,5.01100015640259,0.885416388511658,1.3401265144348102,0.495879292488098,0.5015376806259161,0.173380389809608,0.474054545164108,1.14018440246582,97,5.082,0.7959999999999999,1.1174788381449368,0.527,0.541,0.171,0.364,1.5357614674886066,95,5.082,0.813,1.1174788381449368,0.604,0.457,0.1669999999999999,0.37,1.5357614674886066
62,Azerbaijan,Central and Eastern Europe,80,5.212000000000001,1.02389,0.93793,0.64045,0.3703,0.16065,0.07799,2.00073,81,5.291,1.12373,0.76042,0.54504,0.35327,0.17914,0.0564,2.2735,85,5.234000205993651,1.1536017656326298,1.15240025520325,0.5407757759094239,0.398155838251114,0.180987507104874,0.0452693402767181,1.7624816894531203,87,5.2010000000000005,1.024,0.9502500850677501,0.603,0.43,0.176,0.031,2.0122372298177065,90,5.207999999999999,1.043,0.9502500850677501,0.769,0.351,0.182,0.035,2.0122372298177065
63,Pakistan,Southern Asia,81,5.194,0.59543,0.41411,0.51466,0.12102,0.10464,0.33671,3.1070900000000004,92,5.132000000000001,0.68816,0.26135,0.40306,0.14622,0.1388,0.31185,3.18286,80,5.26900005340576,0.7268835306167599,0.6726906895637509,0.4020477831363679,0.23521526157856,0.124348066747189,0.315446019172668,2.7924892902374303,75,5.472,0.652,0.449383563187917,0.424,0.3339999999999999,0.113,0.216,3.0274797634124773,67,5.653,0.677,0.449383563187917,0.535,0.313,0.098,0.22,3.0274797634124773
64,Jordan,Middle East and Northern Africa,82,5.192,0.90198,1.05392,0.69639,0.4066099999999999,0.14293,0.1105299999999999,1.87996,80,5.303,0.99673,0.86216,0.60712,0.36023,0.13297,0.14262,2.20142,74,5.33599996566772,0.9910123944282528,1.23908889293671,0.6045900583267211,0.418421149253845,0.11980327218771,0.1721704602241519,1.79117655754089,90,5.1610000000000005,0.8220000000000001,1.0517229643122368,0.645,0.4679999999999999,0.134,0.13,1.95751885251363,101,4.906000000000001,0.8370000000000001,1.0517229643122368,0.815,0.3829999999999999,0.13,0.11,1.95751885251363
65,Montenegro,Central and Eastern Europe,82,5.192,0.97438,0.90557,0.72521,0.1826,0.14296,0.1614,2.10017,88,5.1610000000000005,1.07838,0.74173,0.6353300000000001,0.15111,0.12721,0.1719099999999999,2.25531,83,5.23699998855591,1.12112903594971,1.23837649822235,0.6674646735191351,0.194989055395126,0.0881741940975189,0.197911024093628,1.72919154167175,81,5.347,1.017,0.9618921660741165,0.7290000000000001,0.259,0.081,0.111,2.028223847223917,73,5.523,1.051,0.9618921660741165,0.871,0.1969999999999999,0.08,0.142,2.028223847223917
66,China,Eastern Asia,84,5.14,0.89012,0.94675,0.81658,0.5169699999999999,0.02781,0.08185,1.8604,83,5.245,1.0278,0.79381,0.73561,0.4401199999999999,0.02745,0.0495899999999999,2.17087,79,5.2729997634887695,1.08116579055786,1.16083741188049,0.741415500640869,0.4727877080440519,0.0227942746132612,0.0288068410009146,1.76493859291077,86,5.246,0.989,0.9671324706268299,0.799,0.597,0.103,0.0289999999999999,1.9320695309702567,93,5.191,1.029,0.9671324706268299,0.893,0.521,0.1,0.0579999999999999,1.9320695309702567
67,Zambia,Sub-Saharan Africa,85,5.129,0.47038,0.91612,0.29924,0.48827,0.12468,0.19591,2.6343,106,4.795,0.61202,0.6376,0.23573,0.42662,0.11479,0.1786599999999999,2.58991,116,4.513999938964839,0.6364067792892459,1.00318729877472,0.2578358948230739,0.461603492498398,0.0782135501503944,0.249580144882202,1.82670545578003,125,4.377,0.562,0.8523024329249066,0.295,0.503,0.0819999999999999,0.221,2.3503051519266767,138,4.107,0.578,0.8523024329249066,0.426,0.431,0.087,0.247,2.3503051519266767
68,Serbia,Central and Eastern Europe,87,5.122999999999999,0.92053,1.00964,0.74836,0.20107,0.02617,0.1923099999999999,2.025,86,5.1770000000000005,1.03437,0.81329,0.6458,0.15718,0.04339,0.2073699999999999,2.27539,73,5.39499998092651,1.06931757926941,1.2581897974014298,0.65078467130661,0.208715528249741,0.0409037806093693,0.2201258838176729,1.94708442687988,78,5.398,0.975,1.027039932467143,0.685,0.288,0.043,0.134,2.0824914756266266,70,5.603,1.004,1.027039932467143,0.8540000000000001,0.282,0.039,0.1369999999999999,2.0824914756266266
69,Portugal,Western Europe,88,5.102,1.15991,1.13935,0.8751899999999999,0.51469,0.01078,0.13719,1.26462,94,5.122999999999999,1.27607,0.94367,0.7936300000000001,0.44727,0.01521,0.1169099999999999,1.53015,89,5.19500017166138,1.3151752948761002,1.36704301834106,0.795843541622162,0.498465299606323,0.0158694516867399,0.0951027125120163,1.10768270492554,77,5.41,1.188,1.1500210061136869,0.884,0.562,0.017,0.055,1.3008175683085133,66,5.693,1.221,1.1500210061136869,0.999,0.508,0.025,0.047,1.3008175683085133
70,Latvia,Central and Eastern Europe,89,5.098,1.11312,1.09562,0.72437,0.29671,0.06332,0.1822599999999999,1.62215,68,5.56,1.21788,0.95025,0.63952,0.27996,0.0889,0.17445,2.20859,54,5.849999904632571,1.26074862480164,1.40471494197845,0.638566970825195,0.3257079124450679,0.0738427266478539,0.153074786067009,1.9936552047729497,53,5.933,1.148,1.1501949806594833,0.6709999999999999,0.363,0.066,0.092,1.94146506825765,53,5.94,1.187,1.1501949806594833,0.812,0.264,0.064,0.075,1.94146506825765
71,Philippines,Southeastern Asia,90,5.073,0.70532,1.03516,0.58114,0.62545,0.12279,0.24991,1.7536,82,5.279,0.81217,0.87877,0.47036,0.5485399999999999,0.11757,0.21674,2.23484,72,5.42999982833862,0.85769921541214,1.25391757488251,0.468009054660797,0.585214674472809,0.0993318930268288,0.193513423204422,1.9726047515869096,71,5.524,0.775,1.0559491916275034,0.513,0.643,0.105,0.12,1.9870149171956364,69,5.631,0.807,1.0559491916275034,0.657,0.5579999999999999,0.107,0.1169999999999999,1.9870149171956364
72,Morocco,Middle East and Northern Africa,92,5.013,0.7347899999999999,0.64095,0.60954,0.41691,0.08546,0.07172,2.45373,90,5.151,0.8405799999999999,0.38595,0.5947100000000001,0.2564599999999999,0.08404,0.04053,2.94891,84,5.2350001335144,0.8781145811080929,0.774864435195923,0.59771066904068,0.408158332109451,0.0877631828188896,0.0322099551558495,2.45618939399719,85,5.254,0.779,0.6005881450653076,0.669,0.46,0.074,0.026,2.6196097979990633,89,5.207999999999999,0.8009999999999999,0.6005881450653076,0.782,0.418,0.076,0.036,2.6196097979990633
73,Albania,Central and Eastern Europe,95,4.959,0.8786700000000001,0.8043399999999999,0.81325,0.35733,0.0641299999999999,0.14272,1.89894,109,4.655,0.9553,0.50163,0.73007,0.31866,0.05301,0.1684,1.92816,109,4.64400005340576,0.996192753314972,0.8036852478981021,0.731159746646881,0.381498634815216,0.0398642159998417,0.201312944293022,1.49044156074524,112,4.586,0.916,0.7032184159660341,0.79,0.419,0.032,0.149,1.7725138535817466,107,4.718999999999999,0.947,0.7032184159660341,0.8740000000000001,0.3829999999999999,0.027,0.178,1.7725138535817466
74,Bosnia and Herzegovina,Central and Eastern Europe,96,4.949,0.8322299999999999,0.91916,0.79081,0.09245,0.00227,0.24808,2.06367,87,5.162999999999999,0.93383,0.64367,0.7076600000000001,0.09511,0.0,0.29889,2.48406,90,5.18200016021729,0.982409417629242,1.0693359375,0.705186307430267,0.204403176903725,0.0,0.328867495059967,1.89217257499695,93,5.129,0.915,0.8773886458333333,0.758,0.28,0.0,0.216,2.1466341916656497,78,5.386,0.945,0.8773886458333333,0.845,0.212,0.006,0.263,2.1466341916656497
75,Dominican Republic,Latin America and Caribbean,98,4.885,0.8953700000000001,1.17202,0.66825,0.57672,0.14234,0.21684,1.21305,89,5.155,1.02787,0.99496,0.5766899999999999,0.52259,0.12372,0.21286,1.69626,86,5.230000019073491,1.07937383651733,1.4024167060852095,0.574873745441437,0.55258983373642,0.113945253193378,0.186967849731445,1.3194651603698702,83,5.3020000000000005,0.982,1.1897989020284032,0.614,0.578,0.106,0.12,1.40959172012329,77,5.425,1.015,1.1897989020284032,0.779,0.497,0.1009999999999999,0.113,1.40959172012329
76,Greece,Western Europe,102,4.857,1.15406,0.92933,0.88213,0.07699,0.0139699999999999,0.0,1.8010099999999998,99,5.033,1.24886,0.75473,0.80029,0.05822,0.04127,0.0,2.12944,87,5.227000236511231,1.28948748111725,1.23941457271576,0.8101989030838009,0.0957312509417534,0.04328977689147,0.0,1.74922156333923,79,5.358,1.154,0.9744915242385866,0.879,0.131,0.044,0.0,1.8932238544464102,82,5.287000000000001,1.181,0.9744915242385866,0.999,0.067,0.034,0.0,1.8932238544464102
77,Honduras,Latin America and Caribbean,105,4.788,0.59532,0.95348,0.6951,0.40148,0.06825,0.2302699999999999,1.84408,104,4.871,0.69429,0.7559600000000001,0.5838300000000001,0.26755,0.06906,0.2044,2.29551,91,5.1810002326965305,0.730573117733002,1.14394497871399,0.582569479942322,0.348079860210419,0.0733454525470734,0.236188873648643,2.0658111572265603,72,5.504,0.62,0.9511283262379967,0.622,0.4589999999999999,0.074,0.1969999999999999,2.0684670524088538,59,5.86,0.642,0.9511283262379967,0.828,0.507,0.078,0.246,2.0684670524088538
78,Tajikistan,Central and Eastern Europe,106,4.7860000000000005,0.39047,0.8556299999999999,0.5737899999999999,0.47216,0.15072,0.22974,2.1139900000000003,100,4.996,0.48835,0.75602,0.5311899999999999,0.43408,0.13509,0.25998,2.39106,96,5.04099988937378,0.524713635444641,1.27146327495575,0.5292351245880129,0.4715667068958279,0.146377146244049,0.248997643589973,1.8490493297576895,88,5.199,0.474,0.9610377583185833,0.598,0.292,0.034,0.187,2.11803310991923,74,5.4670000000000005,0.493,0.9610377583185833,0.718,0.389,0.144,0.23,2.11803310991923
79,Tunisia,Middle East and Northern Africa,107,4.739,0.88113,0.60429,0.73793,0.26268,0.06358,0.06431,2.12466,98,5.045,0.97724,0.43165,0.59577,0.23553,0.0817,0.03936,2.68413,102,4.80499982833862,1.00726580619812,0.8683514595031742,0.613212049007416,0.289680689573288,0.0867231488227844,0.0496933571994305,1.8902511596679696,111,4.592,0.9,0.6347638198343915,0.69,0.271,0.063,0.04,2.2330137198893234,124,4.461,0.921,0.6347638198343915,0.815,0.1669999999999999,0.055,0.059,2.2330137198893234
80,Palestinian Territories,Middle East and Northern Africa,108,4.715,0.59867,0.92558,0.66015,0.24499,0.12905,0.1125099999999999,2.0438400000000003,108,4.754,0.67024,0.71629,0.56844,0.17744,0.10613,0.11154,2.40364,103,4.77500009536743,0.716249227523804,1.15564715862274,0.565666973590851,0.25471106171608,0.0892826020717621,0.114173173904419,1.8788902759552,104,4.743,0.642,0.9325057195409133,0.602,0.266,0.076,0.086,2.108790091985067,110,4.696000000000001,0.657,0.9325057195409133,0.672,0.225,0.066,0.103,2.108790091985067
81,Bangladesh,Southern Asia,109,4.694,0.39753,0.43106,0.60164,0.4082,0.12569,0.21222,2.51767,110,4.643,0.54177,0.24749,0.52989,0.39778,0.12583,0.19132,2.60904,110,4.60799980163574,0.586682975292206,0.735131740570068,0.533241033554077,0.478356659412384,0.123717859387398,0.172255352139473,1.9787361621856696,115,4.5,0.532,0.4712272468566893,0.579,0.58,0.144,0.153,2.36848205406189,125,4.456,0.562,0.4712272468566893,0.723,0.527,0.143,0.166,2.36848205406189
82,Iran,Middle East and Northern Africa,110,4.686,1.0088,0.54447,0.69805,0.30033,0.0586299999999999,0.38086,1.6944,105,4.813,1.11758,0.3885699999999999,0.64232,0.22544,0.0557,0.38538,1.99817,108,4.69199991226196,1.15687310695648,0.7115512490272521,0.639333188533783,0.2493226081132889,0.048761073499918,0.387242913246155,1.49873495101929,106,4.707,1.0590000000000002,0.548197083009084,0.691,0.4589999999999999,0.129,0.282,1.7304349836730966,117,4.548,1.1,0.548197083009084,0.785,0.305,0.125,0.27,1.7304349836730966
83,Ukraine,Central and Eastern Europe,111,4.681,0.79907,1.20278,0.6739,0.25123,0.02961,0.15275,1.5714,123,4.324,0.87287,1.01413,0.58628,0.12859,0.01829,0.20363,1.50066,132,4.09600019454956,0.89465194940567,1.39453756809235,0.575903952121735,0.122974775731564,0.0230294708162546,0.270061463117599,0.8143823146820072,138,4.103,0.7929999999999999,1.2038158560307834,0.609,0.163,0.011,0.187,1.295480771560669,133,4.332,0.82,1.2038158560307834,0.7390000000000001,0.178,0.01,0.187,1.295480771560669
84,Iraq,Middle East and Northern Africa,112,4.677,0.98549,0.81889,0.60237,0.0,0.13788,0.17922,1.95335,112,4.575,1.07474,0.59205,0.51076,0.24856,0.1363599999999999,0.19589,1.81657,117,4.49700021743774,1.1027104854583702,0.978613197803497,0.501180469989777,0.288555532693863,0.1072157546877859,0.19963726401329,1.31890726089478,117,4.456,1.01,0.7965177326011657,0.536,0.304,0.095,0.148,1.6962757536315933,126,4.437,1.043,0.7965177326011657,0.574,0.241,0.089,0.148,1.6962757536315933
85,South Africa,Sub-Saharan Africa,113,4.642,0.92049,1.18468,0.27688,0.33207,0.08884,0.1197299999999999,1.7195599999999998,116,4.459,1.02416,0.96053,0.18611,0.42483,0.08415,0.13656,1.64227,101,4.8289999961853,1.05469870567322,1.38478863239288,0.187080070376396,0.479246735572815,0.0725094974040985,0.1393623799085619,1.51090860366821,105,4.724,0.94,1.1766662107976267,0.33,0.516,0.0559999999999999,0.103,1.6242462012227366,106,4.722,0.96,1.1766662107976267,0.469,0.389,0.055,0.13,1.6242462012227366
86,Ghana,Sub-Saharan Africa,114,4.633,0.5455800000000001,0.6795399999999999,0.4013199999999999,0.4234199999999999,0.04355,0.23087,2.30919,124,4.276,0.63107,0.49353,0.29681,0.40973,0.0326,0.21203,2.2002,131,4.11999988555908,0.667224824428558,0.873664736747742,0.295637726783752,0.423026293516159,0.0253363698720932,0.256923943758011,1.57786750793457,108,4.657,0.5920000000000001,0.6822449122492474,0.337,0.499,0.0289999999999999,0.212,2.02908583597819,98,4.996,0.611,0.6822449122492474,0.486,0.381,0.04,0.245,2.02908583597819
87,Zimbabwe,Sub-Saharan Africa,115,4.61,0.271,1.03276,0.33475,0.25861,0.08079,0.18987,2.44191,131,4.1930000000000005,0.35041,0.71478,0.1595,0.25429,0.08582,0.18503,2.4427,138,3.875,0.375846534967422,1.08309590816498,0.196763753890991,0.336384207010269,0.0953753814101219,0.189143493771553,1.59797024726868,144,3.692,0.357,0.9435453027216599,0.248,0.406,0.099,0.132,2.1608600824228934,146,3.663,0.366,0.9435453027216599,0.433,0.361,0.089,0.151,2.1608600824228934
88,Liberia,Sub-Saharan Africa,116,4.571000000000001,0.0712,0.78968,0.34201,0.28531,0.06232,0.2436199999999999,2.7772900000000003,150,3.622,0.1070599999999999,0.50353,0.23165,0.25748,0.04852,0.24063,2.23284,148,3.532999992370609,0.1190417930483819,0.8721179366111759,0.229918196797371,0.3328811824321749,0.0389482490718365,0.26654988527298,1.6732859611511202,149,3.495,0.076,0.721775978870392,0.267,0.419,0.03,0.206,2.2278053203837067,141,3.975,0.073,0.721775978870392,0.4429999999999999,0.37,0.033,0.233,2.2278053203837067
89,India,Southern Asia,117,4.565,0.64499,0.38174,0.5152899999999999,0.39786,0.08492,0.26475,2.27513,118,4.404,0.74036,0.29247,0.45091,0.40285,0.08722,0.25028,2.18032,122,4.31500005722046,0.7922212481498722,0.754372596740723,0.455427616834641,0.469987004995346,0.0922268852591515,0.231538489460945,1.5191171169281,133,4.19,0.721,0.47619419891357434,0.485,0.539,0.093,0.172,1.9915223723093665,140,4.015,0.755,0.47619419891357434,0.588,0.498,0.085,0.2,1.9915223723093665
90,Haiti,Latin America and Caribbean,119,4.518,0.26673,0.74302,0.38847,0.24425,0.17175,0.46187,2.24173,136,4.0280000000000005,0.34097,0.29561,0.27494,0.12072,0.14476,0.47958,2.37116,145,3.6029999256134,0.368610262870789,0.640449821949005,0.277321130037308,0.0303698573261499,0.0998721495270729,0.4892037808895109,1.69716763496399,148,3.582,0.315,0.5596932739830017,0.289,0.025,0.104,0.392,2.1033525449879966,147,3.597,0.3229999999999999,0.5596932739830017,0.449,0.026,0.11,0.419,2.1033525449879966
91,Congo (Kinshasa),Sub-Saharan Africa,120,4.517,0.0,1.0012,0.09806,0.22605,0.07625,0.24834,2.86712,125,4.272,0.05661,0.80676,0.188,0.15602,0.06075,0.25458,2.7492400000000004,126,4.280000209808351,0.0921023488044739,1.22902345657349,0.191407024860382,0.235961347818375,0.0602413564920425,0.246455833315849,2.22495865821838,132,4.245,0.069,1.0123278188578302,0.204,0.312,0.052,0.1969999999999999,2.6137728860727933,127,4.418,0.094,1.0123278188578302,0.357,0.2689999999999999,0.053,0.212,2.6137728860727933
92,Nepal,Southern Asia,121,4.513999999999999,0.3599699999999999,0.86449,0.5687399999999999,0.38282,0.05907,0.3229599999999999,1.95637,107,4.793,0.44626,0.69699,0.50073,0.37012,0.0700799999999999,0.3816,2.32694,99,4.961999893188481,0.479820191860199,1.17928326129913,0.504130780696869,0.440305948257446,0.0729755461215973,0.394096165895462,1.8912410736084,101,4.88,0.425,0.9135877537663767,0.539,0.526,0.078,0.302,2.0581836912028,100,4.913,0.446,0.9135877537663767,0.677,0.439,0.089,0.285,2.0581836912028
93,Ethiopia,Sub-Saharan Africa,122,4.512,0.1907299999999999,0.60406,0.44055,0.4345,0.15048,0.24325,2.44876,115,4.508,0.29283,0.37932,0.34578,0.36703,0.1717,0.29522,2.65614,119,4.46000003814697,0.339233845472336,0.8646692037582401,0.3534097075462339,0.408842742443085,0.1654557138681409,0.3126507401466369,2.01574373245239,127,4.35,0.308,0.6160164012527467,0.391,0.452,0.146,0.22,2.3735479108174635,134,4.2860000000000005,0.336,0.6160164012527467,0.532,0.344,0.1,0.209,2.3735479108174635
94,Sierra Leone,Sub-Saharan Africa,123,4.507,0.33024,0.95571,0.0,0.4084,0.08786,0.21488,2.51009,111,4.635,0.36485,0.628,0.0,0.30685,0.08196,0.23897,3.01402,106,4.70900011062622,0.36842092871666,0.984136044979095,0.0055647538974881,0.318697690963745,0.0710951760411263,0.293040901422501,2.66845989227295,113,4.571000000000001,0.256,0.8559486816596983,0.0,0.355,0.053,0.238,2.73085663075765,129,4.374,0.268,0.8559486816596983,0.242,0.309,0.045,0.252,2.73085663075765
95,Mauritania,Sub-Saharan Africa,124,4.436,0.45407,0.86908,0.35874,0.2423199999999999,0.17461,0.2189999999999999,2.11773,130,4.2010000000000005,0.6139100000000001,0.8414200000000001,0.28639,0.1268,0.17955,0.2268599999999999,1.9263,123,4.29199981689453,0.6484572887420649,1.2720308303833,0.285349279642105,0.0960980430245399,0.136957004666328,0.201870024204254,1.65163731575012,126,4.356,0.557,0.9941769434611,0.292,0.129,0.093,0.134,1.8985557719167065,122,4.49,0.57,0.9941769434611,0.489,0.066,0.088,0.106,1.8985557719167065
96,Kenya,Sub-Saharan Africa,125,4.419,0.36471,0.99876,0.41435,0.42215,0.05839,0.37542,1.78555,122,4.356,0.52267,0.7624,0.3014699999999999,0.40576,0.06686,0.41328,1.88326,112,4.55299997329712,0.560479462146759,1.06795072555542,0.309988349676132,0.4527637660503389,0.0646413192152977,0.444860309362411,1.6519021987915,124,4.41,0.493,0.9430369085184732,0.4539999999999999,0.504,0.055,0.352,1.7735707329304997,121,4.509,0.512,0.9430369085184732,0.581,0.431,0.053,0.372,1.7735707329304997
97,Armenia,Central and Eastern Europe,127,4.35,0.7682100000000001,0.7771100000000001,0.7299,0.19847,0.039,0.07855,1.75873,121,4.36,0.8608600000000001,0.6247699999999999,0.64083,0.14037,0.03616,0.07793,1.97864,121,4.37599992752075,0.900596737861633,1.00748372077942,0.637524425983429,0.198303267359734,0.0266744215041399,0.0834880918264389,1.5214991569519,129,4.321000000000001,0.816,0.8031212402598067,0.6659999999999999,0.26,0.0279999999999999,0.077,1.7529563856506334,116,4.559,0.85,0.8031212402598067,0.815,0.283,0.064,0.095,1.7529563856506334
98,Botswana,Sub-Saharan Africa,128,4.332,0.99355,1.10464,0.04776,0.49495,0.12474,0.10461,1.46181,137,3.974,1.09426,0.89186,0.34752,0.4408899999999999,0.10769,0.12425,0.96741,142,3.7660000324249294,1.12209415435791,1.22155499458313,0.341755509376526,0.505196332931519,0.0985831990838051,0.0993484482169151,0.3779137134552,146,3.59,1.017,1.0726849981943767,0.417,0.557,0.092,0.042,0.9357112378184,148,3.488,1.041,1.0726849981943767,0.5379999999999999,0.455,0.1,0.025,0.9357112378184
99,Georgia,Central and Eastern Europe,130,4.297,0.7419,0.3856199999999999,0.72926,0.4057699999999999,0.38331,0.05547,1.59541,126,4.252,0.8379200000000001,0.19249,0.64035,0.32461,0.3188,0.06786,1.87031,125,4.28599977493286,0.950612664222717,0.57061493396759,0.649546980857849,0.309410035610199,0.251666635274887,0.0540088154375553,1.50013780593872,128,4.34,0.853,0.38290831132253,0.643,0.375,0.215,0.038,1.6552859353129066,119,4.519,0.8859999999999999,0.38290831132253,0.752,0.346,0.1639999999999999,0.043,1.6552859353129066
100,Malawi,Sub-Saharan Africa,131,4.292,0.01604,0.41134,0.22562,0.43054,0.06977,0.33128,2.80791,132,4.156000000000001,0.08709,0.147,0.29364,0.4143,0.07564,0.30968,2.82859,136,3.97000002861023,0.233442038297653,0.5125688314437871,0.315089583396912,0.466914653778076,0.0727116540074348,0.287170469760895,2.08178615570068,147,3.587,0.186,0.3569696104812623,0.306,0.531,0.08,0.21,2.5727620519002268,150,3.41,0.191,0.3569696104812623,0.495,0.4429999999999999,0.089,0.218,2.5727620519002268
101,Sri Lanka,Southern Asia,132,4.271,0.83524,1.01905,0.70806,0.5372600000000001,0.09179,0.40828,0.67108,117,4.415,0.97318,0.84783,0.62007,0.50817,0.07964,0.46978,0.91681,120,4.44000005722046,1.00985014438629,1.25997638702393,0.625130832195282,0.561213254928589,0.0736539661884308,0.4908635616302489,0.419389247894287,116,4.471,0.918,1.04228546234131,0.672,0.585,0.05,0.307,0.669093082631429,130,4.3660000000000005,0.949,1.04228546234131,0.831,0.47,0.047,0.244,0.669093082631429
102,Cameroon,Sub-Saharan Africa,133,4.252,0.4225,0.8876700000000001,0.2340199999999999,0.49309,0.05786,0.20618,1.95071,114,4.513,0.5249699999999999,0.62542,0.1269799999999999,0.42736,0.06126,0.2268,2.5198,107,4.69500017166138,0.564305365085602,0.946018218994141,0.132892116904259,0.430388748645782,0.0513066314160824,0.236298456788063,2.3336455821991,99,4.975,0.535,0.8197027396647137,0.182,0.4539999999999999,0.043,0.183,2.268051860733033,96,5.044,0.5489999999999999,0.8197027396647137,0.331,0.381,0.037,0.187,2.268051860733033
103,Bulgaria,Central and Eastern Europe,134,4.218,1.01216,1.10614,0.76649,0.30587,0.00872,0.11921,0.89991,129,4.217,1.11306,0.92542,0.67806,0.21219,0.00615,0.12793,1.15377,105,4.71400022506714,1.1614590883255,1.43437945842743,0.708217680454254,0.2892317175865169,0.0110515309497714,0.113177694380283,0.996139287948608,100,4.933,1.054,1.1553131528091434,0.7120000000000001,0.359,0.009,0.064,1.0166064293162027,97,5.011,1.092,1.1553131528091434,0.815,0.311,0.004,0.081,1.0166064293162027
104,Egypt,Middle East and Northern Africa,135,4.194,0.8818,0.747,0.61712,0.17288,0.06324,0.11291,1.59927,120,4.362,0.95395,0.49813,0.5211600000000001,0.18847,0.10393,0.1270599999999999,1.96895,104,4.7350001335144,0.989701807498932,0.997471392154694,0.520187258720398,0.2821101546287539,0.114381365478039,0.128631442785263,1.70216107368469,122,4.419,0.885,0.747533797384898,0.5529999999999999,0.312,0.107,0.092,1.75679369122823,137,4.166,0.913,0.747533797384898,0.644,0.241,0.067,0.076,1.75679369122823
105,Yemen,Middle East and Northern Africa,136,4.077,0.5464899999999999,0.68093,0.40064,0.3557099999999999,0.07854,0.09131,1.92313,147,3.724,0.57939,0.47493,0.31048,0.2287,0.05892,0.09821,1.97295,146,3.59299993515015,0.5916834473609921,0.93538224697113,0.310080915689468,0.249463722109795,0.0567674227058887,0.104125209152699,1.34560060501099,152,3.355,0.442,0.6970807489903766,0.3429999999999999,0.244,0.064,0.083,1.7472268683369967,151,3.38,0.287,0.6970807489903766,0.4629999999999999,0.143,0.077,0.108,1.7472268683369967
106,Mali,Sub-Saharan Africa,138,3.995,0.26074,1.03526,0.20583,0.3885699999999999,0.12352,0.18798,1.79293,135,4.073,0.31292,0.8633299999999999,0.16347,0.27544,0.13647,0.21064,2.11087,127,4.19000005722046,0.476180493831635,1.2814733982086202,0.169365674257278,0.306613743305206,0.1049702465534209,0.183354198932648,1.66819095611572,118,4.447,0.37,1.0600211327362068,0.152,0.367,0.0559999999999999,0.139,1.85733031870524,128,4.39,0.385,1.0600211327362068,0.308,0.327,0.052,0.153,1.85733031870524
107,Congo (Brazzaville),Sub-Saharan Africa,139,3.989,0.67866,0.6629,0.31051,0.41466,0.1168599999999999,0.1238799999999999,1.68135,127,4.236000000000001,0.7710899999999999,0.4779899999999999,0.28212,0.37938,0.0975299999999999,0.12077,2.10681,124,4.29099988937378,0.8089642524719242,0.8320443630218509,0.28995743393898,0.4350258708000179,0.0796181336045265,0.1208521276712419,1.72413563728333,114,4.559,0.682,0.6576447876739503,0.3429999999999999,0.514,0.077,0.091,1.8374318790944433,103,4.812,0.6729999999999999,0.6576447876739503,0.508,0.372,0.093,0.105,1.8374318790944433
108,Uganda,Sub-Saharan Africa,141,3.931,0.2110199999999999,1.13299,0.3386099999999999,0.4572699999999999,0.07267,0.29066,1.42766,145,3.739,0.34719,0.90981,0.19625,0.43653,0.06442,0.27102,1.51416,133,4.08099985122681,0.381430715322495,1.12982773780823,0.217632606625557,0.443185955286026,0.057069718837738,0.325766056776047,1.526362657547,135,4.1610000000000005,0.322,1.05754257926941,0.237,0.45,0.061,0.259,1.4893942191823333,136,4.189,0.332,1.05754257926941,0.4429999999999999,0.356,0.06,0.252,1.4893942191823333
109,Senegal,Sub-Saharan Africa,142,3.904,0.36498,0.97619,0.4354,0.36772,0.1071299999999999,0.20843,1.44395,128,4.218999999999999,0.44314,0.7741600000000001,0.40457,0.31056,0.11681,0.19103,1.97861,115,4.53499984741211,0.479309022426605,1.17969191074371,0.409362852573395,0.3779222667217249,0.1154604479670519,0.183468893170357,1.78964614868164,109,4.631,0.429,0.97668063691457,0.433,0.406,0.0819999999999999,0.138,1.7374020495605464,111,4.681,0.45,0.97668063691457,0.5710000000000001,0.292,0.072,0.153,1.7374020495605464
110,Gabon,Sub-Saharan Africa,143,3.896,1.06024,0.90528,0.43372,0.31914,0.11091,0.06822,0.99895,134,4.121,1.15851,0.72368,0.3494,0.28098,0.09314,0.0624399999999999,1.4533200000000002,118,4.46500015258789,1.1982102394104,1.1556202173233,0.3565785884857179,0.312328577041626,0.0760467872023582,0.0437853783369064,1.3229162693023702,103,4.758,1.036,0.9281934057744333,0.4039999999999999,0.356,0.052,0.032,1.2583954231007901,104,4.799,1.057,0.9281934057744333,0.5710000000000001,0.295,0.055,0.043,1.2583954231007901
111,Cambodia,Southeastern Asia,145,3.819,0.46038,0.62736,0.61114,0.66246,0.07247,0.40359,0.98195,140,3.907,0.55604,0.5375,0.42494,0.5885199999999999,0.08092,0.40339,1.3157299999999998,129,4.1680002212524405,0.6017650961875921,1.00623834133148,0.429783403873444,0.633375823497772,0.0681059509515762,0.385922968387604,1.04294109344482,120,4.433,0.5489999999999999,0.7236994471104934,0.457,0.696,0.065,0.256,1.1135403644816064,109,4.7,0.574,0.7236994471104934,0.637,0.609,0.062,0.2319999999999999,1.1135403644816064
112,Tanzania,Sub-Saharan Africa,146,3.781,0.2852,1.00268,0.38215,0.32878,0.05747,0.3437699999999999,1.38079,149,3.666,0.47155,0.77623,0.357,0.3176,0.05099,0.31472,1.37769,153,3.34899997711182,0.511135876178741,1.04198980331421,0.364509284496307,0.390017777681351,0.0660351067781448,0.354256361722946,0.621130466461182,153,3.303,0.455,0.94029993443807,0.381,0.481,0.0969999999999999,0.27,1.1265368221537273,153,3.2310000000000003,0.476,0.94029993443807,0.499,0.417,0.147,0.276,1.1265368221537273
113,Madagascar,Sub-Saharan Africa,147,3.681,0.20824,0.66801,0.46721,0.19184,0.0812399999999999,0.21333,1.851,148,3.695,0.27954,0.46115,0.37109,0.13684,0.07506,0.2204,2.15075,144,3.64400005340576,0.305808693170547,0.9130203723907472,0.375223308801651,0.189196765422821,0.0672319754958153,0.208732530474663,1.58461260795593,143,3.774,0.262,0.6807267907969158,0.402,0.221,0.049,0.155,1.862120869318643,143,3.933,0.2739999999999999,0.6807267907969158,0.555,0.148,0.0409999999999999,0.1689999999999999,1.862120869318643
114,Chad,Sub-Saharan Africa,149,3.667,0.34193,0.76062,0.1501,0.23501,0.05269,0.18386,1.94296,144,3.763,0.4221399999999999,0.63178,0.0382399999999999,0.12807,0.04952,0.18667,2.3063700000000003,137,3.9360001087188703,0.4380129873752589,0.953855872154236,0.0411347150802612,0.16234202682972,0.0535818822681904,0.216113850474358,2.07123804092407,131,4.301,0.358,0.7820852907180785,0.053,0.1889999999999999,0.06,0.181,2.106856013641357,132,4.35,0.35,0.7820852907180785,0.192,0.174,0.078,0.198,2.106856013641357
115,Guinea,Sub-Saharan Africa,150,3.656,0.17417,0.46475,0.24009,0.37725,0.12139,0.28657,1.99172,151,3.607,0.22415,0.3109,0.18829,0.30953,0.1192,0.29914,2.15604,149,3.50699996948242,0.244549930095673,0.7912446856498722,0.194129139184952,0.348587512969971,0.110937617719173,0.264815092086792,1.55231189727783,140,3.964,0.344,0.5222982285499573,0.211,0.3939999999999999,0.094,0.185,1.9000239657592768,118,4.534,0.38,0.5222982285499573,0.375,0.332,0.086,0.207,1.9000239657592768
116,Ivory Coast,Sub-Saharan Africa,151,3.655,0.46534,0.77115,0.15185,0.46866,0.17922,0.20165,1.41723,139,3.916,0.55507,0.57576,0.04476,0.40663,0.1553,0.20338,1.97478,128,4.17999982833862,0.6030489206314089,0.904780030250549,0.0486421696841717,0.4477061927318571,0.130061775445938,0.201237469911575,1.84496426582336,107,4.671,0.541,0.7505633434168497,0.08,0.467,0.103,0.146,1.7456580886077866,99,4.944,0.569,0.7505633434168497,0.2319999999999999,0.352,0.09,0.154,1.7456580886077866
117,Burkina Faso,Sub-Saharan Africa,152,3.587,0.2581199999999999,0.85188,0.27125,0.39493,0.12832,0.2174699999999999,1.46494,145,3.739,0.31995,0.63054,0.21297,0.3337,0.12533,0.24353,1.87319,134,4.03200006484985,0.3502277135849,1.04328000545502,0.2158442586660389,0.324367851018906,0.120328105986118,0.250864684581757,1.72721290588379,121,4.424,0.314,0.84190000181834,0.254,0.312,0.128,0.175,1.6884476352945965,115,4.587,0.331,0.84190000181834,0.38,0.255,0.113,0.177,1.6884476352945965
118,Afghanistan,Southern Asia,153,3.575,0.31982,0.30285,0.30335,0.23414,0.09719,0.3651,1.9521,154,3.36,0.38227,0.11037,0.17344,0.1643,0.07112,0.31268,2.14558,141,3.79399991035461,0.401477217674255,0.581543326377869,0.1807467788457869,0.106179520487785,0.0611578300595284,0.311870932579041,2.15080118179321,145,3.632,0.332,0.3315877754592897,0.255,0.085,0.036,0.191,2.0828270605977366,154,3.2030000000000003,0.35,0.3315877754592897,0.361,0.0,0.025,0.158,2.0828270605977366
119,Burundi,Sub-Saharan Africa,157,2.905,0.0153,0.4158699999999999,0.22396,0.1185,0.10062,0.19727,1.83302,157,2.905,0.06831,0.23442,0.15747,0.0432,0.09419,0.2029,2.1040400000000004,154,2.90499997138977,0.091622568666935,0.629793584346771,0.151610791683197,0.0599007532000542,0.0841479450464249,0.2044351845979689,1.68302416801453,156,2.905,0.091,0.4266945281155903,0.145,0.065,0.076,0.149,1.8733613893381769,145,3.775,0.046,0.4266945281155903,0.38,0.22,0.18,0.176,1.8733613893381769
120,Togo,Sub-Saharan Africa,158,2.839,0.20868,0.13995,0.28443,0.36453,0.1073099999999999,0.1668099999999999,1.56726,155,3.303,0.28123,0.0,0.24811,0.34678,0.11587,0.17517,2.1354,150,3.4949998855590803,0.3054447174072269,0.4318825304508211,0.247105568647385,0.38042613863945,0.0956650152802467,0.1968961507081989,1.8372292518615705,139,3.999,0.259,0.19061084348360702,0.253,0.434,0.1009999999999999,0.158,1.8466297506205234,139,4.085,0.275,0.19061084348360702,0.41,0.293,0.085,0.177,1.8466297506205234
